縣市代碼,縣市名稱,鄉鎮市區代碼,鄉鎮市區名稱,平日夜間停留人數_統計,假日夜間停留人數_統計,資料時間_統計
65000,新北市,65000010,板橋區,577007,574620,109Y11M
65000,新北市,65000020,三重區,426580,424259,109Y11M
65000,新北市,65000030,中和區,470287,466276,109Y11M
65000,新北市,65000040,永和區,232342,230134,109Y11M
65000,新北市,65000050,新莊區,446481,443620,109Y11M
65000,新北市,65000060,新店區,346150,343603,109Y11M
65000,新北市,65000070,樹林區,202270,202721,109Y11M
65000,新北市,65000080,鶯歌區,90900,91143,109Y11M
65000,新北市,65000090,三峽區,120827,121910,109Y11M
65000,新北市,65000100,淡水區,235166,234006,109Y11M
65000,新北市,65000110,汐止區,259462,259805,109Y11M
65000,新北市,65000120,瑞芳區,33298,34345,109Y11M
65000,新北市,65000130,土城區,242008,240563,109Y11M
65000,新北市,65000140,蘆洲區,210422,210220,109Y11M
65000,新北市,65000150,五股區,112579,109709,109Y11M
65000,新北市,65000160,泰山區,101023,98966,109Y11M
65000,新北市,65000170,林口區,138129,138265,109Y11M
65000,新北市,65000180,深坑區,30628,30581,109Y11M
65000,新北市,65000190,石碇區,6719,6984,109Y11M
65000,新北市,65000200,坪林區,3071,3786,109Y11M
65000,新北市,65000210,三芝區,21841,21534,109Y11M
65000,新北市,65000220,石門區,5102,5172,109Y11M
65000,新北市,65000230,八里區,47451,47345,109Y11M
65000,新北市,65000240,平溪區,2439,2828,109Y11M
65000,新北市,65000250,雙溪區,4538,5162,109Y11M
65000,新北市,65000260,貢寮區,6502,7553,109Y11M
65000,新北市,65000270,金山區,15678,17104,109Y11M
65000,新北市,65000280,萬里區,12752,13950,109Y11M
65000,新北市,65000290,烏來區,3229,3834,109Y11M
63000,臺北市,63000010,松山區,201847,198307,109Y11M
63000,臺北市,63000020,信義區,236301,234946,109Y11M
63000,臺北市,63000030,大安區,334939,327922,109Y11M
63000,臺北市,63000040,中山區,314134,308580,109Y11M
63000,臺北市,63000050,中正區,183571,178225,109Y11M
63000,臺北市,63000060,大同區,125418,125027,109Y11M
63000,臺北市,63000070,萬華區,183951,186390,109Y11M
63000,臺北市,63000080,文山區,260906,256102,109Y11M
63000,臺北市,63000090,南港區,123953,122662,109Y11M
63000,臺北市,63000100,內湖區,294476,286916,109Y11M
63000,臺北市,63000110,士林區,286684,283098,109Y11M
63000,臺北市,63000120,北投區,243777,239494,109Y11M
68000,桃園市,68000010,桃園區,443150,447526,109Y11M
68000,桃園市,68000020,中壢區,468601,468876,109Y11M
68000,桃園市,68000030,大溪區,89265,91840,109Y11M
68000,桃園市,68000040,楊梅區,181003,181317,109Y11M
68000,桃園市,68000050,蘆竹區,262574,199968,109Y11M
68000,桃園市,68000060,大園區,125738,121831,109Y11M
68000,桃園市,68000070,龜山區,259439,246122,109Y11M
68000,桃園市,68000080,八德區,199330,200933,109Y11M
68000,桃園市,68000090,龍潭區,130786,130755,109Y11M
68000,桃園市,68000100,平鎮區,225189,225231,109Y11M
68000,桃園市,68000110,新屋區,52784,53746,109Y11M
68000,桃園市,68000120,觀音區,81982,81389,109Y11M
68000,桃園市,68000130,復興區,6855,9511,109Y11M
66000,臺中市,66000010,中區,19009,20498,109Y11M
66000,臺中市,66000020,東區,81226,81823,109Y11M
66000,臺中市,66000030,南區,151530,147685,109Y11M
66000,臺中市,66000040,西區,133233,130641,109Y11M
66000,臺中市,66000050,北區,193464,190248,109Y11M
66000,臺中市,66000060,西屯區,349055,335409,109Y11M
66000,臺中市,66000070,南屯區,202124,198828,109Y11M
66000,臺中市,66000080,北屯區,294667,297223,109Y11M
66000,臺中市,66000090,豐原區,146189,147625,109Y11M
66000,臺中市,66000100,東勢區,36554,39307,109Y11M
66000,臺中市,66000110,大甲區,70767,72278,109Y11M
66000,臺中市,66000120,清水區,79074,79961,109Y11M
66000,臺中市,66000130,沙鹿區,112834,107342,109Y11M
66000,臺中市,66000140,梧棲區,65644,63685,109Y11M
66000,臺中市,66000150,后里區,56870,55406,109Y11M
66000,臺中市,66000160,神岡區,68693,66966,109Y11M
66000,臺中市,66000170,潭子區,112942,113350,109Y11M
66000,臺中市,66000180,大雅區,107351,103995,109Y11M
66000,臺中市,66000190,新社區,22407,22432,109Y11M
66000,臺中市,66000200,石岡區,11220,12052,109Y11M
66000,臺中市,66000210,外埔區,26969,27648,109Y11M
66000,臺中市,66000220,大安區,14584,14973,109Y11M
66000,臺中市,66000230,烏日區,92898,90152,109Y11M
66000,臺中市,66000240,大肚區,52840,53330,109Y11M
66000,臺中市,66000250,龍井區,89218,88029,109Y11M
66000,臺中市,66000260,霧峰區,81867,78930,109Y11M
66000,臺中市,66000270,太平區,191780,191518,109Y11M
66000,臺中市,66000280,大里區,202540,200622,109Y11M
66000,臺中市,66000290,和平區,16421,20908,109Y11M
67000,臺南市,67000010,新營區,67253,68412,109Y11M
67000,臺南市,67000020,鹽水區,19690,20512,109Y11M
67000,臺南市,67000030,白河區,22117,23742,109Y11M
67000,臺南市,67000040,柳營區,20929,20818,109Y11M
67000,臺南市,67000050,後壁區,24538,25528,109Y11M
67000,臺南市,67000060,東山區,12960,13858,109Y11M
67000,臺南市,67000070,麻豆區,39434,40531,109Y11M
67000,臺南市,67000080,下營區,15750,16747,109Y11M
67000,臺南市,67000090,六甲區,15615,16502,109Y11M
67000,臺南市,67000100,官田區,24512,22935,109Y11M
67000,臺南市,67000110,大內區,7436,7339,109Y11M
67000,臺南市,67000120,佳里區,48073,49682,109Y11M
67000,臺南市,67000130,學甲區,18238,19313,109Y11M
67000,臺南市,67000140,西港區,20172,20692,109Y11M
67000,臺南市,67000150,七股區,13635,14017,109Y11M
67000,臺南市,67000160,將軍區,11967,12464,109Y11M
67000,臺南市,67000170,北門區,8007,8712,109Y11M
67000,臺南市,67000180,新化區,37109,37132,109Y11M
67000,臺南市,67000190,善化區,67629,64937,109Y11M
67000,臺南市,67000200,新市區,66502,63092,109Y11M
67000,臺南市,67000210,安定區,31829,30825,109Y11M
67000,臺南市,67000220,山上區,5916,6236,109Y11M
67000,臺南市,67000230,玉井區,9536,10262,109Y11M
67000,臺南市,67000240,楠西區,6163,6861,109Y11M
67000,臺南市,67000250,南化區,4214,4731,109Y11M
67000,臺南市,67000260,左鎮區,2638,2937,109Y11M
67000,臺南市,67000270,仁德區,94357,92051,109Y11M
67000,臺南市,67000280,歸仁區,66030,64078,109Y11M
67000,臺南市,67000290,關廟區,29618,30305,109Y11M
67000,臺南市,67000300,龍崎區,1664,1755,109Y11M
67000,臺南市,67000310,永康區,280816,274486,109Y11M
67000,臺南市,67000320,東區,177707,177038,109Y11M
67000,臺南市,67000330,南區,110565,111202,109Y11M
67000,臺南市,67000340,北區,132392,132863,109Y11M
67000,臺南市,67000350,安南區,177012,178012,109Y11M
67000,臺南市,67000360,安平區,64930,66256,109Y11M
67000,臺南市,67000370,中西區,78975,82160,109Y11M
64000,高雄市,64000010,鹽埕區,21320,21893,109Y11M
64000,高雄市,64000020,鼓山區,133197,133224,109Y11M
64000,高雄市,64000030,左營區,189101,188083,109Y11M
64000,高雄市,64000040,楠梓區,187386,185341,109Y11M
64000,高雄市,64000050,三民區,315169,311897,109Y11M
64000,高雄市,64000060,新興區,53511,54543,109Y11M
64000,高雄市,64000070,前金區,32269,33056,109Y11M
64000,高雄市,64000080,苓雅區,150111,150830,109Y11M
64000,高雄市,64000090,前鎮區,173373,174738,109Y11M
64000,高雄市,64000100,旗津區,16331,16649,109Y11M
64000,高雄市,64000110,小港區,132172,130848,109Y11M
64000,高雄市,64000120,鳳山區,309643,307589,109Y11M
64000,高雄市,64000130,林園區,49572,50407,109Y11M
64000,高雄市,64000140,大寮區,117164,116115,109Y11M
64000,高雄市,64000150,大樹區,41802,40592,109Y11M
64000,高雄市,64000160,大社區,42449,42145,109Y11M
64000,高雄市,64000170,仁武區,100102,100529,109Y11M
64000,高雄市,64000180,鳥松區,55856,55308,109Y11M
64000,高雄市,64000190,岡山區,98634,97509,109Y11M
64000,高雄市,64000200,橋頭區,40164,40611,109Y11M
64000,高雄市,64000210,燕巢區,44153,41171,109Y11M
64000,高雄市,64000220,田寮區,4152,4486,109Y11M
64000,高雄市,64000230,阿蓮區,24453,24826,109Y11M
64000,高雄市,64000240,路竹區,51149,50630,109Y11M
64000,高雄市,64000250,湖內區,30824,30967,109Y11M
64000,高雄市,64000260,茄萣區,22673,23384,109Y11M
64000,高雄市,64000270,永安區,11197,11085,109Y11M
64000,高雄市,64000280,彌陀區,13399,13777,109Y11M
64000,高雄市,64000290,梓官區,29012,29759,109Y11M
64000,高雄市,64000300,旗山區,30530,31190,109Y11M
64000,高雄市,64000310,美濃區,23519,26246,109Y11M
64000,高雄市,64000320,六龜區,8807,10852,109Y11M
64000,高雄市,64000330,甲仙區,3295,3591,109Y11M
64000,高雄市,64000340,杉林區,6057,6601,109Y11M
64000,高雄市,64000350,內門區,9633,9716,109Y11M
64000,高雄市,64000360,茂林區,930,1209,109Y11M
64000,高雄市,64000370,桃源區,2129,2626,109Y11M
64000,高雄市,64000380,那瑪夏區,1453,1625,109Y11M
10002,宜蘭縣,10002010,宜蘭市,96473,99018,109Y11M
10002,宜蘭縣,10002020,羅東鎮,65083,68452,109Y11M
10002,宜蘭縣,10002030,蘇澳鎮,36296,37905,109Y11M
10002,宜蘭縣,10002040,頭城鎮,23099,25414,109Y11M
10002,宜蘭縣,10002050,礁溪鄉,40592,47454,109Y11M
10002,宜蘭縣,10002060,壯圍鄉,19645,20766,109Y11M
10002,宜蘭縣,10002070,員山鄉,30487,31834,109Y11M
10002,宜蘭縣,10002080,冬山鄉,50045,52986,109Y11M
10002,宜蘭縣,10002090,五結鄉,48227,50506,109Y11M
10002,宜蘭縣,10002100,三星鄉,21033,21310,109Y11M
10002,宜蘭縣,10002110,大同鄉,5691,7332,109Y11M
10002,宜蘭縣,10002120,南澳鄉,4532,5100,109Y11M
10004,新竹縣,10004010,竹北市,227031,226079,109Y11M
10004,新竹縣,10004020,竹東鎮,100364,101361,109Y11M
10004,新竹縣,10004030,新埔鎮,35252,35838,109Y11M
10004,新竹縣,10004040,關西鎮,25604,26056,109Y11M
10004,新竹縣,10004050,湖口鄉,117065,113412,109Y11M
10004,新竹縣,10004060,新豐鄉,67050,67019,109Y11M
10004,新竹縣,10004070,芎林鄉,19716,20138,109Y11M
10004,新竹縣,10004080,橫山鄉,11230,12224,109Y11M
10004,新竹縣,10004090,北埔鄉,7040,8022,109Y11M
10004,新竹縣,10004100,寶山鄉,33049,29931,109Y11M
10004,新竹縣,10004110,峨眉鄉,3774,4211,109Y11M
10004,新竹縣,10004120,尖石鄉,5756,9202,109Y11M
10004,新竹縣,10004130,五峰鄉,3077,5029,109Y11M
10005,苗栗縣,10005010,苗栗市,86555,86534,109Y11M
10005,苗栗縣,10005020,苑裡鎮,38449,39894,109Y11M
10005,苗栗縣,10005030,通霄鎮,23771,25448,109Y11M
10005,苗栗縣,10005040,竹南鎮,101747,100265,109Y11M
10005,苗栗縣,10005050,頭份市,101710,101685,109Y11M
10005,苗栗縣,10005060,後龍鎮,30538,30541,109Y11M
10005,苗栗縣,10005070,卓蘭鎮,11458,12615,109Y11M
10005,苗栗縣,10005080,大湖鄉,9862,11293,109Y11M
10005,苗栗縣,10005090,公館鄉,26499,28060,109Y11M
10005,苗栗縣,10005100,銅鑼鄉,17627,18388,109Y11M
10005,苗栗縣,10005110,南庄鄉,6734,9399,109Y11M
10005,苗栗縣,10005120,頭屋鄉,7774,8280,109Y11M
10005,苗栗縣,10005130,三義鄉,14455,15381,109Y11M
10005,苗栗縣,10005140,西湖鄉,4277,4474,109Y11M
10005,苗栗縣,10005150,造橋鄉,12480,12600,109Y11M
10005,苗栗縣,10005160,三灣鄉,5137,5661,109Y11M
10005,苗栗縣,10005170,獅潭鄉,2709,3449,109Y11M
10005,苗栗縣,10005180,泰安鄉,3682,5964,109Y11M
10007,彰化縣,10007010,彰化市,214161,213353,109Y11M
10007,彰化縣,10007020,鹿港鎮,80583,81125,109Y11M
10007,彰化縣,10007030,和美鎮,83456,84381,109Y11M
10007,彰化縣,10007040,線西鄉,14662,14527,109Y11M
10007,彰化縣,10007050,伸港鄉,31027,31428,109Y11M
10007,彰化縣,10007060,福興鄉,38756,39152,109Y11M
10007,彰化縣,10007070,秀水鄉,32134,32549,109Y11M
10007,彰化縣,10007080,花壇鄉,42269,43161,109Y11M
10007,彰化縣,10007090,芬園鄉,16521,17126,109Y11M
10007,彰化縣,10007100,員林市,104870,108214,109Y11M
10007,彰化縣,10007110,溪湖鎮,44624,45986,109Y11M
10007,彰化縣,10007120,田中鎮,29351,30952,109Y11M
10007,彰化縣,10007130,大村鄉,40503,39600,109Y11M
10007,彰化縣,10007140,埔鹽鄉,23642,24902,109Y11M
10007,彰化縣,10007150,埔心鄉,30359,31291,109Y11M
10007,彰化縣,10007160,永靖鄉,26003,27331,109Y11M
10007,彰化縣,10007170,社頭鄉,30885,32537,109Y11M
10007,彰化縣,10007180,二水鄉,9776,10683,109Y11M
10007,彰化縣,10007190,北斗鎮,27294,28270,109Y11M
10007,彰化縣,10007200,二林鎮,36425,37965,109Y11M
10007,彰化縣,10007210,田尾鄉,21203,22630,109Y11M
10007,彰化縣,10007220,埤頭鄉,23338,24427,109Y11M
10007,彰化縣,10007230,芳苑鄉,25156,26393,109Y11M
10007,彰化縣,10007240,大城鄉,10510,10846,109Y11M
10007,彰化縣,10007250,竹塘鄉,9106,9734,109Y11M
10007,彰化縣,10007260,溪州鄉,21689,22623,109Y11M
10008,南投縣,10008010,南投市,90184,90208,109Y11M
10008,南投縣,10008020,埔里鎮,78911,82353,109Y11M
10008,南投縣,10008030,草屯鎮,90186,92294,109Y11M
10008,南投縣,10008040,竹山鎮,44375,46618,109Y11M
10008,南投縣,10008050,集集鎮,8323,8224,109Y11M
10008,南投縣,10008060,名間鄉,28162,29790,109Y11M
10008,南投縣,10008070,鹿谷鄉,12975,16069,109Y11M
10008,南投縣,10008080,中寮鄉,7987,8881,109Y11M
10008,南投縣,10008090,魚池鄉,14252,18494,109Y11M
10008,南投縣,10008100,國姓鄉,12030,14585,109Y11M
10008,南投縣,10008110,水里鄉,12356,12759,109Y11M
10008,南投縣,10008120,信義鄉,10411,12267,109Y11M
10008,南投縣,10008130,仁愛鄉,16582,21855,109Y11M
10009,雲林縣,10009010,斗六市,129778,127676,109Y11M
10009,雲林縣,10009020,斗南鎮,38831,40015,109Y11M
10009,雲林縣,10009030,虎尾鎮,75513,73536,109Y11M
10009,雲林縣,10009040,西螺鎮,36913,38014,109Y11M
10009,雲林縣,10009050,土庫鎮,19080,19621,109Y11M
10009,雲林縣,10009060,北港鎮,29483,30353,109Y11M
10009,雲林縣,10009070,古坑鄉,22912,23981,109Y11M
10009,雲林縣,10009080,大埤鄉,12830,13267,109Y11M
10009,雲林縣,10009090,莿桐鄉,22733,23571,109Y11M
10009,雲林縣,10009100,林內鄉,12165,12734,109Y11M
10009,雲林縣,10009110,二崙鄉,17441,18086,109Y11M
10009,雲林縣,10009120,崙背鄉,19631,20174,109Y11M
10009,雲林縣,10009130,麥寮鄉,41041,37549,109Y11M
10009,雲林縣,10009140,東勢鄉,9125,9563,109Y11M
10009,雲林縣,10009150,褒忠鄉,8772,9171,109Y11M
10009,雲林縣,10009160,臺西鄉,13845,14706,109Y11M
10009,雲林縣,10009170,元長鄉,15723,16487,109Y11M
10009,雲林縣,10009180,四湖鄉,12208,12976,109Y11M
10009,雲林縣,10009190,口湖鄉,14030,14934,109Y11M
10009,雲林縣,10009200,水林鄉,13238,13868,109Y11M
10010,嘉義縣,10010010,太保市,38110,39244,109Y11M
10010,嘉義縣,10010020,朴子市,38836,39468,109Y11M
10010,嘉義縣,10010030,布袋鎮,14488,15735,109Y11M
10010,嘉義縣,10010040,大林鎮,36020,33494,109Y11M
10010,嘉義縣,10010050,民雄鄉,85278,84076,109Y11M
10010,嘉義縣,10010060,溪口鄉,9580,9988,109Y11M
10010,嘉義縣,10010070,新港鄉,23844,24925,109Y11M
10010,嘉義縣,10010080,六腳鄉,14456,15387,109Y11M
10010,嘉義縣,10010090,東石鄉,13970,15210,109Y11M
10010,嘉義縣,10010100,義竹鄉,12960,13595,109Y11M
10010,嘉義縣,10010110,鹿草鄉,8739,9217,109Y11M
10010,嘉義縣,10010120,水上鄉,47081,48022,109Y11M
10010,嘉義縣,10010130,中埔鄉,37868,39660,109Y11M
10010,嘉義縣,10010140,竹崎鄉,26388,28572,109Y11M
10010,嘉義縣,10010150,梅山鄉,14676,16392,109Y11M
10010,嘉義縣,10010160,番路鄉,9796,11637,109Y11M
10010,嘉義縣,10010170,大埔鄉,1831,2083,109Y11M
10010,嘉義縣,10010180,阿里山鄉,6594,8514,109Y11M
10013,屏東縣,10013010,屏東市,184073,184400,109Y11M
10013,屏東縣,10013020,潮州鎮,46420,47508,109Y11M
10013,屏東縣,10013030,東港鎮,37331,39229,109Y11M
10013,屏東縣,10013040,恆春鎮,34586,38266,109Y11M
10013,屏東縣,10013050,萬丹鄉,40743,42103,109Y11M
10013,屏東縣,10013060,長治鄉,31228,31789,109Y11M
10013,屏東縣,10013070,麟洛鄉,9330,9665,109Y11M
10013,屏東縣,10013080,九如鄉,17914,18591,109Y11M
10013,屏東縣,10013090,里港鄉,19581,20571,109Y11M
10013,屏東縣,10013100,鹽埔鄉,23304,23452,109Y11M
10013,屏東縣,10013110,高樹鄉,16245,17391,109Y11M
10013,屏東縣,10013120,萬巒鄉,16607,16390,109Y11M
10013,屏東縣,10013130,內埔鄉,60923,61114,109Y11M
10013,屏東縣,10013140,竹田鄉,13077,13694,109Y11M
10013,屏東縣,10013150,新埤鄉,7974,8465,109Y11M
10013,屏東縣,10013160,枋寮鄉,19311,19714,109Y11M
10013,屏東縣,10013170,新園鄉,27957,29274,109Y11M
10013,屏東縣,10013180,崁頂鄉,8193,8516,109Y11M
10013,屏東縣,10013190,林邊鄉,9401,9749,109Y11M
10013,屏東縣,10013200,南州鄉,7676,7973,109Y11M
10013,屏東縣,10013210,佳冬鄉,12671,13398,109Y11M
10013,屏東縣,10013220,琉球鄉,7828,9391,109Y11M
10013,屏東縣,10013230,車城鄉,6322,6935,109Y11M
10013,屏東縣,10013240,滿州鄉,4866,4957,109Y11M
10013,屏東縣,10013250,枋山鄉,4309,4211,109Y11M
10013,屏東縣,10013260,三地門鄉,4208,4719,109Y11M
10013,屏東縣,10013270,霧臺鄉,501,578,109Y11M
10013,屏東縣,10013280,瑪家鄉,2438,2737,109Y11M
10013,屏東縣,10013290,泰武鄉,2287,2709,109Y11M
10013,屏東縣,10013300,來義鄉,3373,3610,109Y11M
10013,屏東縣,10013310,春日鄉,2488,2762,109Y11M
10013,屏東縣,10013320,獅子鄉,2838,3378,109Y11M
10013,屏東縣,10013330,牡丹鄉,3387,3245,109Y11M
10014,臺東縣,10014010,臺東市,111730,113607,109Y11M
10014,臺東縣,10014020,成功鎮,8209,8619,109Y11M
10014,臺東縣,10014030,關山鎮,6590,6945,109Y11M
10014,臺東縣,10014040,卑南鄉,16481,17638,109Y11M
10014,臺東縣,10014050,鹿野鄉,5720,6297,109Y11M
10014,臺東縣,10014060,池上鄉,6569,7247,109Y11M
10014,臺東縣,10014070,東河鄉,5726,6100,109Y11M
10014,臺東縣,10014080,長濱鄉,3975,4233,109Y11M
10014,臺東縣,10014090,太麻里鄉,8218,8624,109Y11M
10014,臺東縣,10014100,大武鄉,3056,3196,109Y11M
10014,臺東縣,10014110,綠島鄉,4303,3919,109Y11M
10014,臺東縣,10014120,海端鄉,2047,2160,109Y11M
10014,臺東縣,10014130,延平鄉,1912,1993,109Y11M
10014,臺東縣,10014140,金峰鄉,1597,1808,109Y11M
10014,臺東縣,10014150,達仁鄉,1994,2123,109Y11M
10014,臺東縣,10014160,蘭嶼鄉,3961,3405,109Y11M
10015,花蓮縣,10015010,花蓮市,111406,115642,109Y11M
10015,花蓮縣,10015020,鳳林鎮,8426,8950,109Y11M
10015,花蓮縣,10015030,玉里鎮,18418,18625,109Y11M
10015,花蓮縣,10015040,新城鄉,24747,24599,109Y11M
10015,花蓮縣,10015050,吉安鄉,88054,90679,109Y11M
10015,花蓮縣,10015060,壽豐鄉,25630,26997,109Y11M
10015,花蓮縣,10015070,光復鄉,8367,8850,109Y11M
10015,花蓮縣,10015080,豐濱鄉,2814,2905,109Y11M
10015,花蓮縣,10015090,瑞穗鄉,9190,9839,109Y11M
10015,花蓮縣,10015100,富里鄉,6196,6608,109Y11M
10015,花蓮縣,10015110,秀林鄉,13005,13859,109Y11M
10015,花蓮縣,10015120,萬榮鄉,1651,1808,109Y11M
10015,花蓮縣,10015130,卓溪鄉,2745,2894,109Y11M
10016,澎湖縣,10016010,馬公市,49763,50227,109Y11M
10016,澎湖縣,10016020,湖西鄉,9795,9605,109Y11M
10016,澎湖縣,10016030,白沙鄉,3835,3913,109Y11M
10016,澎湖縣,10016040,西嶼鄉,3252,3272,109Y11M
10016,澎湖縣,10016050,望安鄉,1835,1216,109Y11M
10016,澎湖縣,10016060,七美鄉,2068,1776,109Y11M
10017,基隆市,10017010,中正區,54134,54414,109Y11M
10017,基隆市,10017020,七堵區,56104,56202,109Y11M
10017,基隆市,10017030,暖暖區,35297,36300,109Y11M
10017,基隆市,10017040,仁愛區,33694,34605,109Y11M
10017,基隆市,10017050,中山區,41269,41233,109Y11M
10017,基隆市,10017060,安樂區,82099,83616,109Y11M
10017,基隆市,10017070,信義區,53224,54234,109Y11M
10018,新竹市,10018010,東區,308608,297685,109Y11M
10018,新竹市,10018020,北區,150170,152068,109Y11M
10018,新竹市,10018030,香山區,90823,90625,109Y11M
10020,嘉義市,10020010,東區,117321,117859,109Y11M
10020,嘉義市,10020020,西區,140209,144279,109Y11M
9020,金門縣,9020010,金城鎮,28733,29249,109Y11M
9020,金門縣,9020020,金沙鎮,12972,13229,109Y11M
9020,金門縣,9020030,金湖鎮,25459,25522,109Y11M
9020,金門縣,9020040,金寧鄉,27600,28005,109Y11M
9020,金門縣,9020050,烈嶼鄉,3366,3447,109Y11M
9020,金門縣,9020060,烏坵鄉,0,0,109Y11M
9007,連江縣,9007010,南竿鄉,7040,7246,109Y11M
9007,連江縣,9007020,北竿鄉,2056,2202,109Y11M
9007,連江縣,9007030,莒光鄉,1128,1113,109Y11M
9007,連江縣,9007040,東引鄉,2287,2259,109Y11M
