COUNTY_ID,COUNTY,TOWN_ID,TOWN,DAY_WORK(7:00~13:00),DAY_WORK(13:00~19:00),DAY_WORK,DAY_WEEKEND(7:00~13:00),DAY_WEEKEND(13:00~19:00),DAY_WEEKEND,INFO_TIME
縣市代碼,縣市名稱,鄉鎮市區代碼,鄉鎮市區名稱,平日上午活動人數,平日下午活動人數,平日日間活動人數,假日上午活動人數,假日下午活動人數,假日日間活動人數,資料時間
65000,新北市,65000010,板橋區,468604,459821,461811,553665,547852,552865,109Y11M
65000,新北市,65000020,三重區,353762,336820,343466,402368,379533,395318,109Y11M
65000,新北市,65000030,中和區,414013,398795,408358,439917,417541,433865,109Y11M
65000,新北市,65000040,永和區,169268,157426,161573,215493,199485,210496,109Y11M
65000,新北市,65000050,新莊區,381702,374563,377239,426704,419179,426607,109Y11M
65000,新北市,65000060,新店區,316147,303348,309344,332771,315198,328460,109Y11M
65000,新北市,65000070,樹林區,190785,187977,189656,195384,190928,195311,109Y11M
65000,新北市,65000080,鶯歌區,81480,80218,80939,87876,86757,87625,109Y11M
65000,新北市,65000090,三峽區,105834,104205,104524,123685,120884,122589,109Y11M
65000,新北市,65000100,淡水區,200804,192902,196262,227406,220763,225959,109Y11M
65000,新北市,65000110,汐止區,234013,223014,227807,247347,232960,243506,109Y11M
65000,新北市,65000120,瑞芳區,33380,33374,33374,36259,36704,35860,109Y11M
65000,新北市,65000130,土城區,211738,205000,207403,229233,218697,225948,109Y11M
65000,新北市,65000140,蘆洲區,150543,142963,145716,193690,182361,190832,109Y11M
65000,新北市,65000150,五股區,131500,128237,130717,107895,103437,106893,109Y11M
65000,新北市,65000160,泰山區,97232,95286,96175,95327,91470,94406,109Y11M
65000,新北市,65000170,林口區,127658,126810,127409,139516,143771,141132,109Y11M
65000,新北市,65000180,深坑區,29127,27933,28657,28912,28076,28824,109Y11M
65000,新北市,65000190,石碇區,7084,7040,6973,8816,9356,8749,109Y11M
65000,新北市,65000200,坪林區,3707,3698,3635,5788,6234,5777,109Y11M
65000,新北市,65000210,三芝區,18875,18717,18639,20638,20673,20507,109Y11M
65000,新北市,65000220,石門區,5620,5531,5601,5757,5900,5643,109Y11M
65000,新北市,65000230,八里區,48517,47251,47821,47979,46819,47437,109Y11M
65000,新北市,65000240,平溪區,2633,2666,2604,4067,4447,4022,109Y11M
65000,新北市,65000250,雙溪區,4741,4631,4660,6157,6482,6243,109Y11M
65000,新北市,65000260,貢寮區,7079,6999,7022,9801,9671,9330,109Y11M
65000,新北市,65000270,金山區,15714,15535,15509,19647,20098,19171,109Y11M
65000,新北市,65000280,萬里區,13460,13227,13256,15561,15670,15017,109Y11M
65000,新北市,65000290,烏來區,3936,4048,3876,5837,6222,5384,109Y11M
63000,臺北市,63000010,松山區,278577,294479,288682,207148,218976,211526,109Y11M
63000,臺北市,63000020,信義區,312330,338883,328477,244931,301650,266716,109Y11M
63000,臺北市,63000030,大安區,448353,496305,476810,356418,394107,371353,109Y11M
63000,臺北市,63000040,中山區,453504,484182,471923,331447,359996,340438,109Y11M
63000,臺北市,63000050,中正區,318569,345815,333549,223195,267469,237208,109Y11M
63000,臺北市,63000060,大同區,143388,149558,146631,130048,143113,134317,109Y11M
63000,臺北市,63000070,萬華區,161837,162279,160601,183850,185284,183265,109Y11M
63000,臺北市,63000080,文山區,221079,210668,215166,252317,240318,249444,109Y11M
63000,臺北市,63000090,南港區,168901,170643,170328,135421,149331,141019,109Y11M
63000,臺北市,63000100,內湖區,385468,388762,390671,292090,286475,292574,109Y11M
63000,臺北市,63000110,士林區,283476,280044,281141,286366,285187,286371,109Y11M
63000,臺北市,63000120,北投區,249467,242226,244263,243647,235543,239692,109Y11M
68000,桃園市,68000010,桃園區,401364,403195,401918,440559,440225,442199,109Y11M
68000,桃園市,68000020,中壢區,450257,454518,451317,469583,490444,474835,109Y11M
68000,桃園市,68000030,大溪區,82238,82166,81939,91237,93323,91201,109Y11M
68000,桃園市,68000040,楊梅區,179617,177855,179200,180029,177513,179862,109Y11M
68000,桃園市,68000050,蘆竹區,278499,277114,274994,199107,199704,199396,109Y11M
68000,桃園市,68000060,大園區,153151,158623,159865,132083,138154,137933,109Y11M
68000,桃園市,68000070,龜山區,315950,311267,313829,249477,242195,247414,109Y11M
68000,桃園市,68000080,八德區,175644,174803,175218,191971,191512,192913,109Y11M
68000,桃園市,68000090,龍潭區,139799,138189,138984,133724,133926,133390,109Y11M
68000,桃園市,68000100,平鎮區,202060,199263,200448,215780,210499,214451,109Y11M
68000,桃園市,68000110,新屋區,54826,54511,54690,55759,56423,55912,109Y11M
68000,桃園市,68000120,觀音區,97650,95668,96689,84893,82625,84045,109Y11M
68000,桃園市,68000130,復興區,7763,7687,7763,13550,13132,13149,109Y11M
66000,臺中市,66000010,中區,21887,23711,22578,22347,25530,22872,109Y11M
66000,臺中市,66000020,東區,76757,75410,75833,85360,85909,84697,109Y11M
66000,臺中市,66000030,南區,136222,133158,134292,143053,136538,141618,109Y11M
66000,臺中市,66000040,西區,151193,157865,155399,131778,139848,135049,109Y11M
66000,臺中市,66000050,北區,196233,200128,198527,194863,202097,196526,109Y11M
66000,臺中市,66000060,西屯區,412924,422489,418835,338557,350657,343107,109Y11M
66000,臺中市,66000070,南屯區,219890,222323,221575,204275,208360,205568,109Y11M
66000,臺中市,66000080,北屯區,256613,250342,253377,292777,288201,290829,109Y11M
66000,臺中市,66000090,豐原區,134123,133388,133984,146518,144765,146542,109Y11M
66000,臺中市,66000100,東勢區,32255,32317,32290,39915,39826,39855,109Y11M
66000,臺中市,66000110,大甲區,78200,77942,77940,73740,72150,72832,109Y11M
66000,臺中市,66000120,清水區,71135,70331,70796,78671,77441,78637,109Y11M
66000,臺中市,66000130,沙鹿區,102105,100877,101765,102025,98366,101455,109Y11M
66000,臺中市,66000140,梧棲區,75594,74767,75369,64275,64137,64301,109Y11M
66000,臺中市,66000150,后里區,67298,67072,67228,58320,60880,59235,109Y11M
66000,臺中市,66000160,神岡區,75663,74789,75173,63653,62138,63523,109Y11M
66000,臺中市,66000170,潭子區,116992,114705,115902,113243,107964,112078,109Y11M
66000,臺中市,66000180,大雅區,116252,116384,116641,98996,96637,98892,109Y11M
66000,臺中市,66000190,新社區,22978,22489,22560,25353,25222,24678,109Y11M
66000,臺中市,66000200,石岡區,9795,9609,9697,12617,12474,12510,109Y11M
66000,臺中市,66000210,外埔區,22887,22605,22752,25736,25295,25692,109Y11M
66000,臺中市,66000220,大安區,12618,12696,12661,14592,14689,14718,109Y11M
66000,臺中市,66000230,烏日區,103156,102146,102761,90705,89143,90332,109Y11M
66000,臺中市,66000240,大肚區,45615,44950,45261,50591,48493,50127,109Y11M
66000,臺中市,66000250,龍井區,78735,76305,77790,83424,80107,82941,109Y11M
66000,臺中市,66000260,霧峰區,89972,89907,90023,78683,77657,78490,109Y11M
66000,臺中市,66000270,太平區,168567,164998,167068,182069,175235,180904,109Y11M
66000,臺中市,66000280,大里區,183927,180985,182106,188289,182899,187144,109Y11M
66000,臺中市,66000290,和平區,17796,17921,17603,30445,29393,28798,109Y11M
67000,臺南市,67000010,新營區,69997,69938,70101,68879,68236,68748,109Y11M
67000,臺南市,67000020,鹽水區,18702,18577,18630,21033,21072,20932,109Y11M
67000,臺南市,67000030,白河區,22094,21813,21783,25951,26211,25339,109Y11M
67000,臺南市,67000040,柳營區,25538,25020,25114,22390,22369,22174,109Y11M
67000,臺南市,67000050,後壁區,24554,24552,24424,26306,26567,26278,109Y11M
67000,臺南市,67000060,東山區,11727,12019,11789,15200,15378,14939,109Y11M
67000,臺南市,67000070,麻豆區,39572,39510,39334,41480,41291,41267,109Y11M
67000,臺南市,67000080,下營區,12333,12625,12502,16322,16724,16410,109Y11M
67000,臺南市,67000090,六甲區,12773,12870,12694,16511,16427,16372,109Y11M
67000,臺南市,67000100,官田區,28596,29018,29006,23951,24002,23870,109Y11M
67000,臺南市,67000110,大內區,6519,6706,6677,8445,8573,8373,109Y11M
67000,臺南市,67000120,佳里區,44317,44651,44339,48956,49162,49283,109Y11M
67000,臺南市,67000130,學甲區,17206,16917,17001,19795,20137,19891,109Y11M
67000,臺南市,67000140,西港區,20489,20632,20556,20908,20626,20797,109Y11M
67000,臺南市,67000150,七股區,13293,12956,13042,15750,15862,15425,109Y11M
67000,臺南市,67000160,將軍區,10732,10680,10772,12942,13095,12977,109Y11M
67000,臺南市,67000170,北門區,8485,8349,8379,11205,10870,10576,109Y11M
67000,臺南市,67000180,新化區,34837,34347,34344,38443,36914,37518,109Y11M
67000,臺南市,67000190,善化區,80119,79408,79957,67566,65493,67334,109Y11M
67000,臺南市,67000200,新市區,96960,96416,96842,65676,64778,65432,109Y11M
67000,臺南市,67000210,安定區,38956,38878,39074,31413,31187,31632,109Y11M
67000,臺南市,67000220,山上區,7593,7493,7510,6965,6971,6891,109Y11M
67000,臺南市,67000230,玉井區,9837,9761,9802,11306,11628,11341,109Y11M
67000,臺南市,67000240,楠西區,6102,6128,6065,7823,8175,7757,109Y11M
67000,臺南市,67000250,南化區,4354,4286,4290,5995,5822,5813,109Y11M
67000,臺南市,67000260,左鎮區,2501,2594,2512,3752,3911,3705,109Y11M
67000,臺南市,67000270,仁德區,109454,107678,108963,93003,92603,92992,109Y11M
67000,臺南市,67000280,歸仁區,65664,66096,65994,63563,63295,63810,109Y11M
67000,臺南市,67000290,關廟區,28036,27871,27924,31068,30389,30829,109Y11M
67000,臺南市,67000300,龍崎區,1916,1813,1837,2651,2780,2519,109Y11M
67000,臺南市,67000310,永康區,275527,271962,273869,265738,257139,263650,109Y11M
67000,臺南市,67000320,東區,161167,163570,161978,172730,174324,173192,109Y11M
67000,臺南市,67000330,南區,103789,101229,102349,107665,103259,106093,109Y11M
67000,臺南市,67000340,北區,115413,114756,114545,127561,122345,125293,109Y11M
67000,臺南市,67000350,安南區,166484,163859,165154,171204,164888,169946,109Y11M
67000,臺南市,67000360,安平區,60808,60142,60384,65350,64038,64551,109Y11M
67000,臺南市,67000370,中西區,92870,101485,97349,88186,106295,93612,109Y11M
64000,高雄市,64000010,鹽埕區,21222,20912,21051,22075,22838,21926,109Y11M
64000,高雄市,64000020,鼓山區,121867,120709,121339,130200,127033,129743,109Y11M
64000,高雄市,64000030,左營區,183697,190281,187038,188652,201976,193214,109Y11M
64000,高雄市,64000040,楠梓區,171808,169998,170692,178423,171643,176877,109Y11M
64000,高雄市,64000050,三民區,291645,287570,288857,307107,294144,302573,109Y11M
64000,高雄市,64000060,新興區,64063,68104,66014,54705,58193,55770,109Y11M
64000,高雄市,64000070,前金區,44519,47879,46296,36817,41670,38389,109Y11M
64000,高雄市,64000080,苓雅區,160641,160836,160381,150753,149166,149401,109Y11M
64000,高雄市,64000090,前鎮區,184341,189379,187131,176819,198168,183597,109Y11M
64000,高雄市,64000100,旗津區,14878,14785,14822,16710,17060,16617,109Y11M
64000,高雄市,64000110,小港區,147378,144897,146665,131773,126510,130094,109Y11M
64000,高雄市,64000120,鳳山區,245791,244284,244857,291186,283322,289693,109Y11M
64000,高雄市,64000130,林園區,45093,44477,44769,49552,48622,49367,109Y11M
64000,高雄市,64000140,大寮區,137597,135906,137400,114837,112370,114528,109Y11M
64000,高雄市,64000150,大樹區,45125,47154,46406,43402,49332,44969,109Y11M
64000,高雄市,64000160,大社區,42401,41029,41679,42715,40692,41993,109Y11M
64000,高雄市,64000170,仁武區,107032,104986,106313,99051,95379,98257,109Y11M
64000,高雄市,64000180,鳥松區,69528,67775,68488,59861,57678,58854,109Y11M
64000,高雄市,64000190,岡山區,112144,110865,111424,96437,95434,96258,109Y11M
64000,高雄市,64000200,橋頭區,35328,33993,34595,39829,39629,39826,109Y11M
64000,高雄市,64000210,燕巢區,61804,62709,62278,44242,44416,44482,109Y11M
64000,高雄市,64000220,田寮區,4188,4133,4147,5938,6216,5792,109Y11M
64000,高雄市,64000230,阿蓮區,21698,21501,21545,25309,24902,25001,109Y11M
64000,高雄市,64000240,路竹區,62835,61592,62356,50620,50235,50692,109Y11M
64000,高雄市,64000250,湖內區,25495,25458,25420,29315,28750,29171,109Y11M
64000,高雄市,64000260,茄萣區,19680,19326,19401,23407,23630,23421,109Y11M
64000,高雄市,64000270,永安區,14254,13957,14110,11921,11740,11865,109Y11M
64000,高雄市,64000280,彌陀區,10827,10794,10827,13449,13382,13497,109Y11M
64000,高雄市,64000290,梓官區,23070,23048,22998,27912,27862,28109,109Y11M
64000,高雄市,64000300,旗山區,30982,30320,30587,30885,31742,31072,109Y11M
64000,高雄市,64000310,美濃區,22067,21996,22017,28267,29372,28484,109Y11M
64000,高雄市,64000320,六龜區,8712,8678,8661,11787,12318,11778,109Y11M
64000,高雄市,64000330,甲仙區,3309,3359,3330,4104,4366,4107,109Y11M
64000,高雄市,64000340,杉林區,5391,5504,5448,6915,7083,6976,109Y11M
64000,高雄市,64000350,內門區,9357,9850,9517,9659,10167,9875,109Y11M
64000,高雄市,64000360,茂林區,1039,1047,1039,1730,1860,1709,109Y11M
64000,高雄市,64000370,桃源區,2479,2383,2422,3587,3468,3520,109Y11M
64000,高雄市,64000380,那瑪夏區,1612,1521,1561,1885,1878,1865,109Y11M
10002,宜蘭縣,10002010,宜蘭市,98784,100197,99481,101500,103998,101965,109Y11M
10002,宜蘭縣,10002020,羅東鎮,66138,67073,66553,69656,69156,68973,109Y11M
10002,宜蘭縣,10002030,蘇澳鎮,38586,38457,38469,39443,39124,38860,109Y11M
10002,宜蘭縣,10002040,頭城鎮,22444,22378,22323,25904,25863,25313,109Y11M
10002,宜蘭縣,10002050,礁溪鄉,38400,38525,38060,46271,45734,44365,109Y11M
10002,宜蘭縣,10002060,壯圍鄉,15227,15267,15184,19604,19048,19177,109Y11M
10002,宜蘭縣,10002070,員山鄉,25968,26119,26004,30176,29390,29544,109Y11M
10002,宜蘭縣,10002080,冬山鄉,44931,44348,44511,50186,48706,49495,109Y11M
10002,宜蘭縣,10002090,五結鄉,47711,47609,47523,51949,51983,51534,109Y11M
10002,宜蘭縣,10002100,三星鄉,19837,19370,19639,19261,18670,18906,109Y11M
10002,宜蘭縣,10002110,大同鄉,6710,7252,6937,11325,12042,11396,109Y11M
10002,宜蘭縣,10002120,南澳鄉,5065,4973,5020,5690,5547,5591,109Y11M
10004,新竹縣,10004010,竹北市,214369,215633,215030,225193,221899,225857,109Y11M
10004,新竹縣,10004020,竹東鎮,81123,79960,79977,94863,91704,94086,109Y11M
10004,新竹縣,10004030,新埔鎮,31740,31002,31251,35973,35688,35539,109Y11M
10004,新竹縣,10004040,關西鎮,25545,24059,24722,29202,31444,29366,109Y11M
10004,新竹縣,10004050,湖口鄉,137881,136365,136958,114877,112521,113686,109Y11M
10004,新竹縣,10004060,新豐鄉,61609,60688,61198,66336,64418,65607,109Y11M
10004,新竹縣,10004070,芎林鄉,16317,16002,16113,19454,18830,19094,109Y11M
10004,新竹縣,10004080,橫山鄉,9997,10078,9950,13412,13888,13223,109Y11M
10004,新竹縣,10004090,北埔鄉,5893,5972,5928,8989,9436,8989,109Y11M
10004,新竹縣,10004100,寶山鄉,75386,75225,75662,35113,35581,35435,109Y11M
10004,新竹縣,10004110,峨眉鄉,3483,3484,3487,5387,5440,5277,109Y11M
10004,新竹縣,10004120,尖石鄉,5981,6096,5955,11846,12302,11548,109Y11M
10004,新竹縣,10004130,五峰鄉,3182,3410,3240,7046,6734,6597,109Y11M
10005,苗栗縣,10005010,苗栗市,85857,85564,85707,84014,82690,83899,109Y11M
10005,苗栗縣,10005020,苑裡鎮,34354,34681,34481,39643,39830,39941,109Y11M
10005,苗栗縣,10005030,通霄鎮,21783,21857,21922,27280,27497,26964,109Y11M
10005,苗栗縣,10005040,竹南鎮,109524,108279,109049,98104,94606,97190,109Y11M
10005,苗栗縣,10005050,頭份市,81198,81905,81123,95391,95872,95713,109Y11M
10005,苗栗縣,10005060,後龍鎮,30113,29762,29898,30175,30504,30030,109Y11M
10005,苗栗縣,10005070,卓蘭鎮,11412,11491,11454,13885,13816,13649,109Y11M
10005,苗栗縣,10005080,大湖鄉,10473,10368,10383,13167,12821,12817,109Y11M
10005,苗栗縣,10005090,公館鄉,21282,21320,21262,27786,27057,27380,109Y11M
10005,苗栗縣,10005100,銅鑼鄉,21657,21457,21475,20480,20053,19844,109Y11M
10005,苗栗縣,10005110,南庄鄉,6543,6589,6490,12168,11734,11670,109Y11M
10005,苗栗縣,10005120,頭屋鄉,7016,7021,7049,8829,8727,8645,109Y11M
10005,苗栗縣,10005130,三義鄉,16420,16280,16228,18442,17933,17636,109Y11M
10005,苗栗縣,10005140,西湖鄉,4416,4362,4367,5077,5084,5032,109Y11M
10005,苗栗縣,10005150,造橋鄉,13323,12871,13057,14109,13542,13821,109Y11M
10005,苗栗縣,10005160,三灣鄉,4833,4739,4763,6589,6288,6318,109Y11M
10005,苗栗縣,10005170,獅潭鄉,2974,2970,2968,4980,4807,4651,109Y11M
10005,苗栗縣,10005180,泰安鄉,3952,3917,3893,8330,7688,7749,109Y11M
10007,彰化縣,10007010,彰化市,213783,213554,213419,213275,210409,212870,109Y11M
10007,彰化縣,10007020,鹿港鎮,88520,87984,88051,84576,83820,84109,109Y11M
10007,彰化縣,10007030,和美鎮,77159,77005,77081,82104,81467,82751,109Y11M
10007,彰化縣,10007040,線西鄉,18626,18280,18506,15268,15035,15337,109Y11M
10007,彰化縣,10007050,伸港鄉,30266,29974,30033,30442,29963,30382,109Y11M
10007,彰化縣,10007060,福興鄉,40254,40250,40370,37370,37592,37797,109Y11M
10007,彰化縣,10007070,秀水鄉,32497,32646,32709,32126,31899,32241,109Y11M
10007,彰化縣,10007080,花壇鄉,39314,39696,39612,42919,43009,43370,109Y11M
10007,彰化縣,10007090,芬園鄉,14027,14207,14155,17115,17170,17221,109Y11M
10007,彰化縣,10007100,員林市,101505,102558,101837,110531,111651,110812,109Y11M
10007,彰化縣,10007110,溪湖鎮,41118,41520,41305,46005,45917,46013,109Y11M
10007,彰化縣,10007120,田中鎮,30973,30246,30766,31499,30957,31144,109Y11M
10007,彰化縣,10007130,大村鄉,42163,42238,42255,38972,39047,39326,109Y11M
10007,彰化縣,10007140,埔鹽鄉,22194,22189,22130,24922,24709,24948,109Y11M
10007,彰化縣,10007150,埔心鄉,30553,30674,30672,31715,31599,31790,109Y11M
10007,彰化縣,10007160,永靖鄉,23001,22971,23007,26752,26737,26953,109Y11M
10007,彰化縣,10007170,社頭鄉,26173,26090,26154,32107,31719,32136,109Y11M
10007,彰化縣,10007180,二水鄉,8767,8666,8682,11485,11448,11418,109Y11M
10007,彰化縣,10007190,北斗鎮,28391,28159,28370,28874,28674,28803,109Y11M
10007,彰化縣,10007200,二林鎮,34787,34917,34838,38900,38516,38699,109Y11M
10007,彰化縣,10007210,田尾鄉,18157,18447,18230,22397,23123,22774,109Y11M
10007,彰化縣,10007220,埤頭鄉,22047,22180,22095,24494,24307,24446,109Y11M
10007,彰化縣,10007230,芳苑鄉,26731,26691,26616,28296,28440,28022,109Y11M
10007,彰化縣,10007240,大城鄉,10171,10242,10312,11519,11596,11570,109Y11M
10007,彰化縣,10007250,竹塘鄉,8069,8126,8050,9943,10010,9842,109Y11M
10007,彰化縣,10007260,溪州鄉,20355,20494,20352,23270,23336,23116,109Y11M
10008,南投縣,10008010,南投市,98575,97748,98193,90290,88682,89482,109Y11M
10008,南投縣,10008020,埔里鎮,77119,77472,77168,81434,81710,80927,109Y11M
10008,南投縣,10008030,草屯鎮,84953,85397,85092,91839,91543,92037,109Y11M
10008,南投縣,10008040,竹山鎮,43383,43704,43438,48913,48883,48305,109Y11M
10008,南投縣,10008050,集集鎮,8630,8650,8606,8524,8707,8474,109Y11M
10008,南投縣,10008060,名間鄉,25609,25868,25719,30402,30760,30590,109Y11M
10008,南投縣,10008070,鹿谷鄉,18022,15499,16330,19908,18999,18597,109Y11M
10008,南投縣,10008080,中寮鄉,7420,7378,7350,10627,10711,10537,109Y11M
10008,南投縣,10008090,魚池鄉,15429,15397,15227,21662,22727,20810,109Y11M
10008,南投縣,10008100,國姓鄉,11351,11441,11386,17582,17241,17206,109Y11M
10008,南投縣,10008110,水里鄉,12994,12927,12839,13495,13572,13224,109Y11M
10008,南投縣,10008120,信義鄉,11029,10779,10834,14582,14389,14218,109Y11M
10008,南投縣,10008130,仁愛鄉,18165,18171,17882,28475,28249,26797,109Y11M
10009,雲林縣,10009010,斗六市,140559,140995,140701,127299,127534,127750,109Y11M
10009,雲林縣,10009020,斗南鎮,37321,37234,37370,39722,39145,39645,109Y11M
10009,雲林縣,10009030,虎尾鎮,73583,73741,73641,72134,72067,72273,109Y11M
10009,雲林縣,10009040,西螺鎮,37857,38299,37899,38742,38754,38541,109Y11M
10009,雲林縣,10009050,土庫鎮,17728,17793,17834,19533,19270,19442,109Y11M
10009,雲林縣,10009060,北港鎮,29985,29783,29892,30801,30138,30433,109Y11M
10009,雲林縣,10009070,古坑鄉,22114,21794,21914,26985,27437,26613,109Y11M
10009,雲林縣,10009080,大埤鄉,11281,11373,11299,12834,12841,12936,109Y11M
10009,雲林縣,10009090,莿桐鄉,19663,19718,19680,23229,22843,23234,109Y11M
10009,雲林縣,10009100,林內鄉,11388,11156,11264,12648,12409,12559,109Y11M
10009,雲林縣,10009110,二崙鄉,15777,15615,15681,17907,17507,17866,109Y11M
10009,雲林縣,10009120,崙背鄉,16940,17403,17200,20067,20149,20196,109Y11M
10009,雲林縣,10009130,麥寮鄉,55678,54058,55120,38441,37843,38542,109Y11M
10009,雲林縣,10009140,東勢鄉,8258,8310,8292,9584,9544,9584,109Y11M
10009,雲林縣,10009150,褒忠鄉,8808,8731,8776,9329,9061,9207,109Y11M
10009,雲林縣,10009160,臺西鄉,11951,12264,12022,14823,15174,14873,109Y11M
10009,雲林縣,10009170,元長鄉,14653,14852,14747,16456,16330,16420,109Y11M
10009,雲林縣,10009180,四湖鄉,11753,11677,11743,13367,13136,13174,109Y11M
10009,雲林縣,10009190,口湖鄉,13128,13351,13208,15580,15746,15477,109Y11M
10009,雲林縣,10009200,水林鄉,11975,12189,12077,13668,13900,13775,109Y11M
10010,嘉義縣,10010010,太保市,38942,38587,38858,38864,38123,38394,109Y11M
10010,嘉義縣,10010020,朴子市,41493,41657,41343,40667,40285,40439,109Y11M
10010,嘉義縣,10010030,布袋鎮,13586,13687,13569,16682,16800,16399,109Y11M
10010,嘉義縣,10010040,大林鎮,40120,40086,40188,33118,33098,33159,109Y11M
10010,嘉義縣,10010050,民雄鄉,88037,86861,87730,83149,81774,82990,109Y11M
10010,嘉義縣,10010060,溪口鄉,8326,8360,8321,9856,9830,9779,109Y11M
10010,嘉義縣,10010070,新港鄉,24804,24310,24500,25532,25399,25478,109Y11M
10010,嘉義縣,10010080,六腳鄉,12740,12723,12764,15349,15756,15474,109Y11M
10010,嘉義縣,10010090,東石鄉,13589,13956,13754,16270,16931,16305,109Y11M
10010,嘉義縣,10010100,義竹鄉,12945,12860,12872,14077,14116,14059,109Y11M
10010,嘉義縣,10010110,鹿草鄉,9341,9318,9329,9543,9582,9509,109Y11M
10010,嘉義縣,10010120,水上鄉,42072,41945,42051,46367,45842,46461,109Y11M
10010,嘉義縣,10010130,中埔鄉,32114,32149,32165,38599,38801,38688,109Y11M
10010,嘉義縣,10010140,竹崎鄉,23900,24101,23951,29639,29829,29379,109Y11M
10010,嘉義縣,10010150,梅山鄉,14429,14335,14230,18507,18671,17867,109Y11M
10010,嘉義縣,10010160,番路鄉,9888,9971,9885,13805,14254,13262,109Y11M
10010,嘉義縣,10010170,大埔鄉,2058,2129,2092,2550,2606,2533,109Y11M
10010,嘉義縣,10010180,阿里山鄉,6917,6983,6842,11981,11707,11043,109Y11M
10013,屏東縣,10013010,屏東市,187795,189072,188171,184521,184690,184995,109Y11M
10013,屏東縣,10013020,潮州鎮,42370,42794,42442,46892,46815,46942,109Y11M
10013,屏東縣,10013030,東港鎮,37832,38394,38059,39290,39505,39082,109Y11M
10013,屏東縣,10013040,恆春鎮,33750,33253,33514,37417,36080,35766,109Y11M
10013,屏東縣,10013050,萬丹鄉,34058,34673,34240,41144,40765,41013,109Y11M
10013,屏東縣,10013060,長治鄉,29054,29040,29110,31314,30772,31312,109Y11M
10013,屏東縣,10013070,麟洛鄉,8782,8608,8702,10284,10048,10205,109Y11M
10013,屏東縣,10013080,九如鄉,15960,16053,15902,18306,18127,18184,109Y11M
10013,屏東縣,10013090,里港鄉,19307,19220,19144,21484,21304,21356,109Y11M
10013,屏東縣,10013100,鹽埔鄉,22495,22459,22514,23655,23996,23949,109Y11M
10013,屏東縣,10013110,高樹鄉,15760,15714,15625,18405,18556,18315,109Y11M
10013,屏東縣,10013120,萬巒鄉,15294,15452,15344,16629,16836,16721,109Y11M
10013,屏東縣,10013130,內埔鄉,61096,60955,61204,61552,62208,61797,109Y11M
10013,屏東縣,10013140,竹田鄉,12004,12024,11994,13836,13854,13810,109Y11M
10013,屏東縣,10013150,新埤鄉,7620,7757,7675,8777,8811,8795,109Y11M
10013,屏東縣,10013160,枋寮鄉,21181,21151,21076,20237,20345,20126,109Y11M
10013,屏東縣,10013170,新園鄉,23963,24300,23992,28551,28610,28716,109Y11M
10013,屏東縣,10013180,崁頂鄉,7452,7560,7547,8476,8622,8503,109Y11M
10013,屏東縣,10013190,林邊鄉,7982,8018,7861,9593,9625,9492,109Y11M
10013,屏東縣,10013200,南州鄉,6925,6799,6865,8224,8193,8166,109Y11M
10013,屏東縣,10013210,佳冬鄉,12466,12296,12379,13638,13747,13587,109Y11M
10013,屏東縣,10013220,琉球鄉,7554,7629,7597,9511,9786,9310,109Y11M
10013,屏東縣,10013230,車城鄉,6407,6432,6328,7605,8628,7504,109Y11M
10013,屏東縣,10013240,滿州鄉,4098,4094,4212,4813,4792,4914,109Y11M
10013,屏東縣,10013250,枋山鄉,4432,4422,4391,4409,4529,4313,109Y11M
10013,屏東縣,10013260,三地門鄉,4114,4083,4114,5455,5581,5403,109Y11M
10013,屏東縣,10013270,霧臺鄉,645,633,635,957,982,941,109Y11M
10013,屏東縣,10013280,瑪家鄉,2243,2322,2322,3468,3308,3248,109Y11M
10013,屏東縣,10013290,泰武鄉,1989,2040,2009,2957,3099,3001,109Y11M
10013,屏東縣,10013300,來義鄉,3201,3270,3225,3819,3811,3780,109Y11M
10013,屏東縣,10013310,春日鄉,2278,2323,2278,2976,2871,2923,109Y11M
10013,屏東縣,10013320,獅子鄉,3255,3111,3155,4052,3852,3829,109Y11M
10013,屏東縣,10013330,牡丹鄉,3324,3291,3380,3320,3353,3371,109Y11M
10014,臺東縣,10014010,臺東市,110684,110409,110320,111807,110415,110758,109Y11M
10014,臺東縣,10014020,成功鎮,8215,8297,8212,8845,8891,8784,109Y11M
10014,臺東縣,10014030,關山鎮,6993,6947,6983,6967,6908,6898,109Y11M
10014,臺東縣,10014040,卑南鄉,15281,15297,15273,16688,16601,16346,109Y11M
10014,臺東縣,10014050,鹿野鄉,5572,5683,5580,6232,6293,6197,109Y11M
10014,臺東縣,10014060,池上鄉,6454,6502,6398,7299,7364,7183,109Y11M
10014,臺東縣,10014070,東河鄉,5897,5843,5887,6405,6478,6353,109Y11M
10014,臺東縣,10014080,長濱鄉,4036,4053,4041,4276,4311,4293,109Y11M
10014,臺東縣,10014090,太麻里鄉,8501,8372,8397,9367,9388,9220,109Y11M
10014,臺東縣,10014100,大武鄉,3169,3139,3163,3350,3308,3297,109Y11M
10014,臺東縣,10014110,綠島鄉,4233,4288,4277,3802,3937,3882,109Y11M
10014,臺東縣,10014120,海端鄉,1942,1954,1958,2349,2336,2318,109Y11M
10014,臺東縣,10014130,延平鄉,1958,1961,1979,2311,2089,2132,109Y11M
10014,臺東縣,10014140,金峰鄉,1475,1491,1468,1895,1868,1895,109Y11M
10014,臺東縣,10014150,達仁鄉,1993,2067,2035,2285,2249,2268,109Y11M
10014,臺東縣,10014160,蘭嶼鄉,3791,3762,4033,3411,3345,3511,109Y11M
10015,花蓮縣,10015010,花蓮市,122253,122652,122074,116485,117211,115574,109Y11M
10015,花蓮縣,10015020,鳳林鎮,8676,8502,8498,8976,9025,8824,109Y11M
10015,花蓮縣,10015030,玉里鎮,18680,18568,18640,18480,18500,18387,109Y11M
10015,花蓮縣,10015040,新城鄉,24747,24550,24630,24531,24169,24346,109Y11M
10015,花蓮縣,10015050,吉安鄉,71777,71470,71447,82503,81715,82289,109Y11M
10015,花蓮縣,10015060,壽豐鄉,26568,26690,26606,28306,28639,28145,109Y11M
10015,花蓮縣,10015070,光復鄉,8410,8527,8461,9140,9153,9064,109Y11M
10015,花蓮縣,10015080,豐濱鄉,2977,2982,2961,3241,3277,3207,109Y11M
10015,花蓮縣,10015090,瑞穗鄉,8941,9100,8945,10048,10150,9987,109Y11M
10015,花蓮縣,10015100,富里鄉,6232,6264,6215,6734,6859,6725,109Y11M
10015,花蓮縣,10015110,秀林鄉,14885,15090,14843,18171,17691,17156,109Y11M
10015,花蓮縣,10015120,萬榮鄉,1549,1548,1551,1909,1898,1846,109Y11M
10015,花蓮縣,10015130,卓溪鄉,2546,2619,2541,3049,3049,3016,109Y11M
10016,澎湖縣,10016010,馬公市,48927,49392,49128,49251,49791,49250,109Y11M
10016,澎湖縣,10016020,湖西鄉,9359,9429,9623,9592,9624,9741,109Y11M
10016,澎湖縣,10016030,白沙鄉,3491,3596,3595,3897,3885,3893,109Y11M
10016,澎湖縣,10016040,西嶼鄉,3005,3068,3053,3223,3235,3185,109Y11M
10016,澎湖縣,10016050,望安鄉,1740,1752,1769,1185,1180,1196,109Y11M
10016,澎湖縣,10016060,七美鄉,1723,1843,1980,1656,1709,1778,109Y11M
10017,基隆市,10017010,中正區,52005,51290,51669,54369,54843,54207,109Y11M
10017,基隆市,10017020,七堵區,48233,46926,47464,53746,51809,53290,109Y11M
10017,基隆市,10017030,暖暖區,25534,24654,24994,34087,32500,33690,109Y11M
10017,基隆市,10017040,仁愛區,31974,34879,33091,35108,38330,35980,109Y11M
10017,基隆市,10017050,中山區,34193,32750,33381,40179,39004,39854,109Y11M
10017,基隆市,10017060,安樂區,62445,59225,60714,78478,74001,77373,109Y11M
10017,基隆市,10017070,信義區,43518,41668,42422,52536,50379,51870,109Y11M
10018,新竹市,10018010,東區,369928,377445,374143,310079,329342,316100,109Y11M
10018,新竹市,10018020,北區,120704,118922,119171,146393,143872,145621,109Y11M
10018,新竹市,10018030,香山區,79836,78815,79102,87262,84676,86431,109Y11M
10020,嘉義市,10020010,東區,124303,122848,123976,116698,113382,115092,109Y11M
10020,嘉義市,10020020,西區,132013,134448,133084,138856,138053,138793,109Y11M
9020,金門縣,9020010,金城鎮,29458,29494,29406,28731,29131,28718,109Y11M
9020,金門縣,9020020,金沙鎮,11472,11415,11515,12591,12311,12438,109Y11M
9020,金門縣,9020030,金湖鎮,26831,26914,26901,25941,25899,25786,109Y11M
9020,金門縣,9020040,金寧鄉,25413,25512,25424,26771,26735,26762,109Y11M
9020,金門縣,9020050,烈嶼鄉,3221,3206,3231,3227,3284,3279,109Y11M
9020,金門縣,9020060,烏坵鄉,0,0,0,0,0,0,109Y11M
9007,連江縣,9007010,南竿鄉,6853,6839,6834,6784,6945,6825,109Y11M
9007,連江縣,9007020,北竿鄉,1700,1722,1718,1769,1796,1746,109Y11M
9007,連江縣,9007030,莒光鄉,1038,1069,1052,990,1062,1032,109Y11M
9007,連江縣,9007040,東引鄉,2151,2216,2158,2166,2254,2220,109Y11M
